DELETE FROM tb_questiongroupformrecord;
DELETE FROM tb_formrecord;
DELETE FROM tb_assessmentquestionnaire;
DELETE FROM tb_participant;


INSERT INTO tb_participant (participantID, medicalRecord) VALUES
(88, '100011583533'),
(89, '100015800495'),
(90, '100016037980'),
(91, '100016342133'),
(92, '100016403455'),
(93, '100016649438'),
(94, '100016712525'),
(95, '100017029697'),
(96, '100017201734'),
(97, '100017312028'),
(98, '100017339039'),
(99, '100017339997'),
(100, '100017446628'),
(101, '100017454192'),
(102, '100017494263'),
(103, '100017572316'),
(104, '100017600000'),
(105, '100017612534'),
(106, '100017612955'),
(107, '100017629702'),
(108, '100017632672'),
(109, '100017641384'),
(110, '100017643869'),
(111, '100017691801'),
(112, '100017737315'),
(113, '100017789100'),
(114, '100017821218'),
(115, '100017833114'),
(116, '100017857592'),
(117, '100017862519'),
(118, '100017882038'),
(119, '100017887391'),
(120, '100017895154'),
(121, '100017895352'),
(122, '100017895402'),
(123, '100017895436'),
(124, '100017895626'),
(125, '100017895659'),
(126, '100017895709'),
(127, '100017895774'),
(128, '100017895790'),
(129, '100017895808'),
(130, '100017895816'),
(131, '100017895824'),
(132, '100017895881'),
(133, '100017895915'),
(134, '100017895998'),
(135, '100017896053'),
(136, '100017896061'),
(137, '100017896244'),
(138, '100017896269'),
(139, '100017896285'),
(140, '100017896392'),
(141, '100017896442'),
(142, '100017896517'),
(143, '100017896525'),
(144, '100017896590'),
(145, '100017896673'),
(146, '100017896681'),
(147, '100017896699'),
(148, '100017896707'),
(149, '100017896822'),
(150, '100017896830'),
(151, '100017896863'),
(152, '100017896889'),
(153, '100017896988'),
(154, '100017897085'),
(155, '100017897101'),
(156, '100017897119'),
(157, '100017897143'),
(158, '100017897234'),
(159, '100017897333'),
(160, '100017897408'),
(161, '100017897473'),
(162, '100017897689'),
(163, '100017898349'),
(164, '100017898372'),
(165, '100017898521'),
(166, '100017898737');

INSERT INTO tb_assessmentquestionnaire (participantID, hospitalUnitID, questionnaireID) VALUES
(88, 1, 1),
(89, 1, 1),
(90, 1, 1),
(91, 1, 1),
(92, 1, 1),
(93, 1, 1),
(94, 1, 1),
(95, 1, 1),
(96, 1, 1),
(97, 1, 1),
(98, 1, 1),
(99, 1, 1),
(100, 1, 1),
(101, 1, 1),
(102, 1, 1),
(103, 1, 1),
(104, 1, 1),
(105, 1, 1),
(106, 1, 1),
(107, 1, 1),
(108, 1, 1),
(109, 1, 1),
(110, 1, 1),
(111, 1, 1),
(112, 1, 1),
(113, 1, 1),
(114, 1, 1),
(115, 1, 1),
(116, 1, 1),
(117, 1, 1),
(118, 1, 1),
(119, 1, 1),
(120, 1, 1),
(121, 1, 1),
(122, 1, 1),
(123, 1, 1),
(124, 1, 1),
(125, 1, 1),
(126, 1, 1),
(127, 1, 1),
(128, 1, 1),
(129, 1, 1),
(130, 1, 1),
(131, 1, 1),
(132, 1, 1),
(133, 1, 1),
(134, 1, 1),
(135, 1, 1),
(136, 1, 1),
(137, 1, 1),
(138, 1, 1),
(139, 1, 1),
(140, 1, 1),
(141, 1, 1),
(142, 1, 1),
(143, 1, 1),
(144, 1, 1),
(145, 1, 1),
(146, 1, 1),
(147, 1, 1),
(148, 1, 1),
(149, 1, 1),
(150, 1, 1),
(151, 1, 1),
(152, 1, 1),
(153, 1, 1),
(154, 1, 1),
(155, 1, 1),
(156, 1, 1),
(157, 1, 1),
(158, 1, 1),
(159, 1, 1),
(160, 1, 1),
(161, 1, 1),
(162, 1, 1),
(163, 1, 1),
(164, 1, 1),
(165, 1, 1),
(166, 1, 1);

INSERT INTO tb_formrecord (formRecordID, participantID, hospitalUnitID, questionnaireID, crfFormsID, dtRegistroForm) VALUES
(1, 116, 1, 1, 1, '2020-11-01 13:38:16'),
(2, 116, 1, 1, 2, '2020-11-01 13:38:16'),
(3, 116, 1, 1, 3, '2020-11-01 13:38:16'),
(4, 98, 1, 1, 1, '2020-11-01 13:38:16'),
(5, 98, 1, 1, 2, '2020-11-01 13:38:16'),
(6, 98, 1, 1, 3, '2020-11-01 13:38:16'),
(7, 120, 1, 1, 1, '2020-11-01 13:38:16'),
(8, 120, 1, 1, 2, '2020-11-01 13:38:16'),
(9, 120, 1, 1, 3, '2020-11-01 13:38:16'),
(10, 93, 1, 1, 1, '2020-11-01 13:38:16'),
(11, 93, 1, 1, 2, '2020-11-01 13:38:16'),
(12, 93, 1, 1, 3, '2020-11-01 13:38:16'),
(13, 122, 1, 1, 1, '2020-11-01 13:38:16'),
(14, 122, 1, 1, 2, '2020-11-01 13:38:16'),
(15, 122, 1, 1, 3, '2020-11-01 13:38:16'),
(16, 123, 1, 1, 1, '2020-11-01 13:38:16'),
(17, 123, 1, 1, 2, '2020-11-01 13:38:16'),
(18, 123, 1, 1, 3, '2020-11-01 13:38:16'),
(19, 105, 1, 1, 1, '2020-11-01 13:38:16'),
(20, 105, 1, 1, 2, '2020-11-01 13:38:16'),
(21, 105, 1, 1, 3, '2020-11-01 13:38:16'),
(22, 113, 1, 1, 1, '2020-11-01 13:38:16'),
(23, 113, 1, 1, 2, '2020-11-01 13:38:16'),
(24, 113, 1, 1, 3, '2020-11-01 13:38:16'),
(25, 104, 1, 1, 1, '2020-11-01 13:38:16'),
(26, 104, 1, 1, 2, '2020-11-01 13:38:16'),
(27, 104, 1, 1, 3, '2020-11-01 13:38:16'),
(28, 124, 1, 1, 1, '2020-11-01 13:38:16'),
(29, 124, 1, 1, 2, '2020-11-01 13:38:16'),
(30, 124, 1, 1, 3, '2020-11-01 13:38:16'),
(31, 125, 1, 1, 1, '2020-11-01 13:38:16'),
(32, 125, 1, 1, 2, '2020-11-01 13:38:16'),
(33, 125, 1, 1, 3, '2020-11-01 13:38:16'),
(34, 126, 1, 1, 1, '2020-11-01 13:38:16'),
(35, 126, 1, 1, 2, '2020-11-01 13:38:16'),
(36, 126, 1, 1, 3, '2020-11-01 13:38:16'),
(37, 127, 1, 1, 1, '2020-11-01 13:38:16'),
(38, 127, 1, 1, 2, '2020-11-01 13:38:16'),
(39, 127, 1, 1, 3, '2020-11-01 13:38:16'),
(40, 99, 1, 1, 1, '2020-11-01 13:38:16'),
(41, 99, 1, 1, 2, '2020-11-01 13:38:16'),
(42, 99, 1, 1, 3, '2020-11-01 13:38:16'),
(43, 128, 1, 1, 1, '2020-11-01 13:38:16'),
(44, 128, 1, 1, 2, '2020-11-01 13:38:16'),
(45, 128, 1, 1, 3, '2020-11-01 13:38:16'),
(46, 129, 1, 1, 1, '2020-11-01 13:38:16'),
(47, 129, 1, 1, 2, '2020-11-01 13:38:16'),
(48, 129, 1, 1, 3, '2020-11-01 13:38:16'),
(49, 130, 1, 1, 1, '2020-11-01 13:38:16'),
(50, 130, 1, 1, 2, '2020-11-01 13:38:16'),
(51, 130, 1, 1, 3, '2020-11-01 13:38:16'),
(52, 131, 1, 1, 1, '2020-11-01 13:38:16'),
(53, 131, 1, 1, 2, '2020-11-01 13:38:16'),
(54, 131, 1, 1, 3, '2020-11-01 13:38:16'),
(55, 95, 1, 1, 1, '2020-11-01 13:38:16'),
(56, 95, 1, 1, 2, '2020-11-01 13:38:16'),
(57, 95, 1, 1, 3, '2020-11-01 13:38:16'),
(58, 132, 1, 1, 1, '2020-11-01 13:38:16'),
(59, 132, 1, 1, 2, '2020-11-01 13:38:16'),
(60, 132, 1, 1, 3, '2020-11-01 13:38:16'),
(61, 133, 1, 1, 1, '2020-11-01 13:38:16'),
(62, 133, 1, 1, 2, '2020-11-01 13:38:16'),
(63, 133, 1, 1, 3, '2020-11-01 13:38:16'),
(64, 94, 1, 1, 1, '2020-11-01 13:38:16'),
(65, 94, 1, 1, 2, '2020-11-01 13:38:16'),
(66, 94, 1, 1, 3, '2020-11-01 13:38:16'),
(67, 101, 1, 1, 1, '2020-11-01 13:38:16'),
(68, 101, 1, 1, 2, '2020-11-01 13:38:16'),
(69, 101, 1, 1, 3, '2020-11-01 13:38:16'),
(70, 134, 1, 1, 1, '2020-11-01 13:38:16'),
(71, 134, 1, 1, 2, '2020-11-01 13:38:16'),
(72, 134, 1, 1, 3, '2020-11-01 13:38:16'),
(73, 135, 1, 1, 1, '2020-11-01 13:38:16'),
(74, 135, 1, 1, 2, '2020-11-01 13:38:16'),
(75, 135, 1, 1, 3, '2020-11-01 13:38:16'),
(76, 136, 1, 1, 1, '2020-11-01 13:38:16'),
(77, 136, 1, 1, 2, '2020-11-01 13:38:16'),
(78, 136, 1, 1, 3, '2020-11-01 13:38:16'),
(79, 119, 1, 1, 1, '2020-11-01 13:38:16'),
(80, 119, 1, 1, 2, '2020-11-01 13:38:16'),
(81, 119, 1, 1, 3, '2020-11-01 13:38:16'),
(82, 88, 1, 1, 1, '2020-11-01 13:38:16'),
(83, 88, 1, 1, 2, '2020-11-01 13:38:16'),
(84, 88, 1, 1, 3, '2020-11-01 13:38:16'),
(85, 137, 1, 1, 1, '2020-11-01 13:38:16'),
(86, 137, 1, 1, 2, '2020-11-01 13:38:16'),
(87, 137, 1, 1, 3, '2020-11-01 13:38:16'),
(88, 138, 1, 1, 1, '2020-11-01 13:38:16'),
(89, 138, 1, 1, 2, '2020-11-01 13:38:16'),
(90, 138, 1, 1, 3, '2020-11-01 13:38:16'),
(91, 139, 1, 1, 1, '2020-11-01 13:38:16'),
(92, 139, 1, 1, 2, '2020-11-01 13:38:16'),
(93, 139, 1, 1, 3, '2020-11-01 13:38:16'),
(94, 97, 1, 1, 1, '2020-11-01 13:38:16'),
(95, 97, 1, 1, 2, '2020-11-01 13:38:16'),
(96, 97, 1, 1, 3, '2020-11-01 13:38:16'),
(97, 96, 1, 1, 1, '2020-11-01 13:38:16'),
(98, 96, 1, 1, 2, '2020-11-01 13:38:16'),
(99, 96, 1, 1, 3, '2020-11-01 13:38:16'),
(100, 140, 1, 1, 1, '2020-11-01 13:38:16'),
(101, 140, 1, 1, 2, '2020-11-01 13:38:16'),
(102, 140, 1, 1, 3, '2020-11-01 13:38:16'),
(103, 102, 1, 1, 1, '2020-11-01 13:38:16'),
(104, 102, 1, 1, 2, '2020-11-01 13:38:16'),
(105, 102, 1, 1, 3, '2020-11-01 13:38:16'),
(106, 141, 1, 1, 1, '2020-11-01 13:38:16'),
(107, 141, 1, 1, 2, '2020-11-01 13:38:16'),
(108, 141, 1, 1, 3, '2020-11-01 13:38:16'),
(109, 111, 1, 1, 1, '2020-11-01 13:38:16'),
(110, 111, 1, 1, 2, '2020-11-01 13:38:16'),
(111, 111, 1, 1, 3, '2020-11-01 13:38:16'),
(112, 117, 1, 1, 1, '2020-11-01 13:38:16'),
(113, 117, 1, 1, 2, '2020-11-01 13:38:16'),
(114, 117, 1, 1, 3, '2020-11-01 13:38:16'),
(115, 118, 1, 1, 1, '2020-11-01 13:38:16'),
(116, 118, 1, 1, 2, '2020-11-01 13:38:16'),
(117, 118, 1, 1, 3, '2020-11-01 13:38:16'),
(118, 110, 1, 1, 1, '2020-11-01 13:38:16'),
(119, 110, 1, 1, 2, '2020-11-01 13:38:16'),
(120, 110, 1, 1, 3, '2020-11-01 13:38:16'),
(121, 143, 1, 1, 1, '2020-11-01 13:38:16'),
(122, 143, 1, 1, 2, '2020-11-01 13:38:16'),
(123, 143, 1, 1, 3, '2020-11-01 13:38:16'),
(124, 142, 1, 1, 1, '2020-11-01 13:38:16'),
(125, 142, 1, 1, 2, '2020-11-01 13:38:16'),
(126, 142, 1, 1, 3, '2020-11-01 13:38:16'),
(127, 144, 1, 1, 1, '2020-11-01 13:38:16'),
(128, 144, 1, 1, 2, '2020-11-01 13:38:16'),
(129, 144, 1, 1, 3, '2020-11-01 13:38:16'),
(130, 145, 1, 1, 1, '2020-11-01 13:38:16'),
(131, 145, 1, 1, 2, '2020-11-01 13:38:16'),
(132, 145, 1, 1, 3, '2020-11-01 13:38:16'),
(133, 146, 1, 1, 1, '2020-11-01 13:38:16'),
(134, 146, 1, 1, 2, '2020-11-01 13:38:16'),
(135, 146, 1, 1, 3, '2020-11-01 13:38:16'),
(136, 147, 1, 1, 1, '2020-11-01 13:38:16'),
(137, 147, 1, 1, 2, '2020-11-01 13:38:16'),
(138, 147, 1, 1, 3, '2020-11-01 13:38:16'),
(139, 148, 1, 1, 1, '2020-11-01 13:38:16'),
(140, 148, 1, 1, 2, '2020-11-01 13:38:16'),
(141, 148, 1, 1, 3, '2020-11-01 13:38:16'),
(142, 112, 1, 1, 1, '2020-11-01 13:38:16'),
(143, 112, 1, 1, 2, '2020-11-01 13:38:16'),
(144, 112, 1, 1, 3, '2020-11-01 13:38:16'),
(145, 90, 1, 1, 1, '2020-11-01 13:38:16'),
(146, 90, 1, 1, 2, '2020-11-01 13:38:16'),
(147, 90, 1, 1, 3, '2020-11-01 13:38:16'),
(148, 92, 1, 1, 1, '2020-11-01 13:38:16'),
(149, 92, 1, 1, 2, '2020-11-01 13:38:16'),
(150, 92, 1, 1, 3, '2020-11-01 13:38:16'),
(151, 107, 1, 1, 1, '2020-11-01 13:38:16'),
(152, 107, 1, 1, 2, '2020-11-01 13:38:16'),
(153, 107, 1, 1, 3, '2020-11-01 13:38:16'),
(154, 115, 1, 1, 1, '2020-11-01 13:38:16'),
(155, 115, 1, 1, 2, '2020-11-01 13:38:16'),
(156, 115, 1, 1, 3, '2020-11-01 13:38:16'),
(157, 150, 1, 1, 1, '2020-11-01 13:38:16'),
(158, 150, 1, 1, 2, '2020-11-01 13:38:16'),
(159, 150, 1, 1, 3, '2020-11-01 13:38:16'),
(160, 149, 1, 1, 1, '2020-11-01 13:38:16'),
(161, 149, 1, 1, 2, '2020-11-01 13:38:16'),
(162, 149, 1, 1, 3, '2020-11-01 13:38:16'),
(163, 152, 1, 1, 1, '2020-11-01 13:38:16'),
(164, 152, 1, 1, 2, '2020-11-01 13:38:16'),
(165, 152, 1, 1, 3, '2020-11-01 13:38:16'),
(166, 151, 1, 1, 1, '2020-11-01 13:38:16'),
(167, 151, 1, 1, 2, '2020-11-01 13:38:16'),
(168, 151, 1, 1, 3, '2020-11-01 13:38:16'),
(169, 109, 1, 1, 1, '2020-11-01 13:38:16'),
(170, 109, 1, 1, 2, '2020-11-01 13:38:16'),
(171, 109, 1, 1, 3, '2020-11-01 13:38:16'),
(172, 153, 1, 1, 1, '2020-11-01 13:38:16'),
(173, 153, 1, 1, 2, '2020-11-01 13:38:16'),
(174, 153, 1, 1, 3, '2020-11-01 13:38:16'),
(175, 154, 1, 1, 1, '2020-11-01 13:38:16'),
(176, 154, 1, 1, 2, '2020-11-01 13:38:16'),
(177, 154, 1, 1, 3, '2020-11-01 13:38:16'),
(178, 156, 1, 1, 1, '2020-11-01 13:38:16'),
(179, 156, 1, 1, 2, '2020-11-01 13:38:16'),
(180, 156, 1, 1, 3, '2020-11-01 13:38:16'),
(181, 157, 1, 1, 1, '2020-11-01 13:38:16'),
(182, 157, 1, 1, 2, '2020-11-01 13:38:16'),
(183, 157, 1, 1, 3, '2020-11-01 13:38:16'),
(184, 103, 1, 1, 1, '2020-11-01 13:38:16'),
(185, 103, 1, 1, 2, '2020-11-01 13:38:16'),
(186, 103, 1, 1, 3, '2020-11-01 13:38:16'),
(187, 155, 1, 1, 1, '2020-11-01 13:38:16'),
(188, 155, 1, 1, 2, '2020-11-01 13:38:16'),
(189, 155, 1, 1, 3, '2020-11-01 13:38:16'),
(190, 158, 1, 1, 1, '2020-11-01 13:38:16'),
(191, 158, 1, 1, 2, '2020-11-01 13:38:16'),
(192, 158, 1, 1, 3, '2020-11-01 13:38:16'),
(193, 91, 1, 1, 1, '2020-11-01 13:38:16'),
(194, 91, 1, 1, 2, '2020-11-01 13:38:16'),
(195, 91, 1, 1, 3, '2020-11-01 13:38:16'),
(196, 106, 1, 1, 1, '2020-11-01 13:38:16'),
(197, 106, 1, 1, 2, '2020-11-01 13:38:16'),
(198, 106, 1, 1, 3, '2020-11-01 13:38:16'),
(199, 159, 1, 1, 1, '2020-11-01 13:38:16'),
(200, 159, 1, 1, 2, '2020-11-01 13:38:16'),
(201, 159, 1, 1, 3, '2020-11-01 13:38:16'),
(202, 100, 1, 1, 1, '2020-11-01 13:38:16'),
(203, 100, 1, 1, 2, '2020-11-01 13:38:16'),
(204, 100, 1, 1, 3, '2020-11-01 13:38:16'),
(205, 160, 1, 1, 1, '2020-11-01 13:38:16'),
(206, 160, 1, 1, 2, '2020-11-01 13:38:16'),
(207, 160, 1, 1, 3, '2020-11-01 13:38:16'),
(208, 161, 1, 1, 1, '2020-11-01 13:38:16'),
(209, 161, 1, 1, 2, '2020-11-01 13:38:16'),
(210, 161, 1, 1, 3, '2020-11-01 13:38:16'),
(211, 162, 1, 1, 1, '2020-11-01 13:38:16'),
(212, 162, 1, 1, 2, '2020-11-01 13:38:16'),
(213, 162, 1, 1, 3, '2020-11-01 13:38:16'),
(214, 108, 1, 1, 1, '2020-11-01 13:38:16'),
(215, 108, 1, 1, 2, '2020-11-01 13:38:16'),
(216, 108, 1, 1, 3, '2020-11-01 13:38:16'),
(217, 114, 1, 1, 1, '2020-11-01 13:38:16'),
(218, 114, 1, 1, 2, '2020-11-01 13:38:16'),
(219, 114, 1, 1, 3, '2020-11-01 13:38:16'),
(220, 89, 1, 1, 1, '2020-11-01 13:38:16'),
(221, 89, 1, 1, 2, '2020-11-01 13:38:16'),
(222, 89, 1, 1, 3, '2020-11-01 13:38:16'),
(223, 121, 1, 1, 1, '2020-11-01 13:38:16'),
(224, 121, 1, 1, 2, '2020-11-01 13:38:16'),
(225, 121, 1, 1, 3, '2020-11-01 13:38:16'),
(226, 163, 1, 1, 1, '2020-11-01 13:38:16'),
(227, 163, 1, 1, 2, '2020-11-01 13:38:16'),
(228, 163, 1, 1, 3, '2020-11-01 13:38:16'),
(229, 164, 1, 1, 1, '2020-11-01 13:38:16'),
(230, 164, 1, 1, 2, '2020-11-01 13:38:16'),
(231, 164, 1, 1, 3, '2020-11-01 13:38:16'),
(232, 165, 1, 1, 1, '2020-11-01 13:38:16'),
(233, 165, 1, 1, 2, '2020-11-01 13:38:16'),
(234, 165, 1, 1, 3, '2020-11-01 13:38:16'),
(235, 166, 1, 1, 1, '2020-11-01 13:38:16'),
(236, 166, 1, 1, 2, '2020-11-01 13:38:16'),
(237, 166, 1, 1, 3, '2020-11-01 13:38:16');

INSERT INTO tb_questiongroupformrecord (questionGroupFormRecordID, formRecordID, crfFormsID, questionID, listOfValuesID, answer) VALUES
(1, 82, 1, 107, NULL, '18/11/1936'),
(2, 82, 1, 111, 284, NULL),
(3, 82, 1, 144, NULL, '83'),
(4, 82, 1, 166, 45, NULL),
(5, 82, 1, 167, NULL, '2020-04-30'),
(7, 83, 2, 35, 298, NULL),
(8, 83, 2, 101, 306, NULL),
(9, 83, 2, 101, 305, NULL),
(10, 83, 2, 150, 300, NULL),
(11, 83, 2, 168, NULL, '2020-04-30'),
(12, 84, 3, 35, 298, NULL),
(13, 84, 3, 101, 305, NULL),
(14, 84, 3, 101, 306, NULL),
(15, 84, 3, 123, 276, NULL),
(16, 84, 3, 124, NULL, '2020-05-13'),
(17, 220, 1, 107, NULL, '30/10/1926'),
(18, 220, 1, 111, 284, NULL),
(19, 220, 1, 144, NULL, '93'),
(20, 220, 1, 166, 45, NULL),
(21, 220, 1, 167, NULL, '2020-03-06'),
(23, 221, 2, 35, 298, NULL),
(24, 221, 2, 101, 305, NULL),
(25, 221, 2, 150, 298, NULL),
(26, 221, 2, 168, NULL, '2020-03-06'),
(27, 221, 2, 228, NULL, '2020-03-06'),
(28, 222, 3, 35, 298, NULL),
(29, 222, 3, 101, 305, NULL),
(30, 222, 3, 123, 275, NULL),
(31, 222, 3, 124, NULL, '2020-06-13'),
(32, 145, 1, 107, NULL, '29/07/1961'),
(33, 145, 1, 111, 285, NULL),
(34, 145, 1, 144, NULL, '58'),
(35, 145, 1, 166, 45, NULL),
(36, 145, 1, 167, NULL, '2020-05-13'),
(38, 146, 2, 35, 298, NULL),
(39, 146, 2, 101, 305, NULL),
(40, 146, 2, 150, 300, NULL),
(41, 146, 2, 168, NULL, '2020-05-13'),
(42, 147, 3, 35, 298, NULL),
(43, 147, 3, 101, 305, NULL),
(44, 147, 3, 123, 276, NULL),
(45, 147, 3, 124, NULL, '2020-05-19'),
(46, 193, 1, 107, NULL, '22/05/1989'),
(47, 193, 1, 111, 284, NULL),
(48, 193, 1, 144, NULL, '31'),
(49, 193, 1, 166, 45, NULL),
(50, 193, 1, 167, NULL, '2020-05-22'),
(52, 194, 2, 35, 298, NULL),
(53, 194, 2, 101, 305, NULL),
(54, 194, 2, 150, 300, NULL),
(55, 194, 2, 168, NULL, '2020-05-22'),
(56, 195, 3, 35, 298, NULL),
(57, 195, 3, 101, 305, NULL),
(58, 195, 3, 123, 276, NULL),
(59, 195, 3, 124, NULL, '2020-05-23'),
(60, 148, 1, 107, NULL, '26/04/1980'),
(61, 148, 1, 111, 285, NULL),
(62, 148, 1, 144, NULL, '40'),
(63, 148, 1, 166, 45, NULL),
(64, 148, 1, 167, NULL, '2020-05-13'),
(66, 149, 2, 35, 298, NULL),
(67, 149, 2, 101, 305, NULL),
(68, 149, 2, 101, 306, NULL),
(69, 149, 2, 150, 300, NULL),
(70, 149, 2, 168, NULL, '2020-05-13'),
(71, 150, 3, 35, 298, NULL),
(72, 150, 3, 101, 305, NULL),
(73, 150, 3, 101, 306, NULL),
(74, 150, 3, 123, 276, NULL),
(75, 150, 3, 124, NULL, '2020-05-14'),
(76, 10, 1, 107, NULL, '18/01/1955'),
(77, 10, 1, 111, 285, NULL),
(78, 10, 1, 144, NULL, '65'),
(79, 10, 1, 166, 45, NULL),
(80, 10, 1, 167, NULL, '2020-04-13'),
(82, 11, 2, 35, 298, NULL),
(83, 11, 2, 101, 306, NULL),
(84, 11, 2, 101, 305, NULL),
(85, 11, 2, 150, 298, NULL),
(86, 11, 2, 168, NULL, '2020-04-13'),
(87, 11, 2, 228, NULL, '2020-04-13'),
(88, 12, 3, 35, 298, NULL),
(89, 12, 3, 101, 305, NULL),
(90, 12, 3, 101, 306, NULL),
(91, 12, 3, 123, 275, NULL),
(92, 12, 3, 124, NULL, '2020-05-13'),
(93, 64, 1, 107, NULL, '24/01/1975'),
(94, 64, 1, 111, 284, NULL),
(95, 64, 1, 144, NULL, '45'),
(96, 64, 1, 166, 45, NULL),
(97, 64, 1, 167, NULL, '2020-04-26'),
(99, 65, 2, 35, 298, NULL),
(100, 65, 2, 101, 305, NULL),
(101, 65, 2, 101, 306, NULL),
(102, 65, 2, 150, 300, NULL),
(103, 65, 2, 168, NULL, '2020-04-26'),
(104, 66, 3, 35, 298, NULL),
(105, 66, 3, 101, 306, NULL),
(106, 66, 3, 101, 305, NULL),
(107, 66, 3, 123, 276, NULL),
(108, 66, 3, 124, NULL, '2020-04-29'),
(109, 55, 1, 107, NULL, '23/02/1949'),
(110, 55, 1, 111, 285, NULL),
(111, 55, 1, 144, NULL, '71'),
(112, 55, 1, 166, 45, NULL),
(113, 55, 1, 167, NULL, '2020-04-24'),
(115, 56, 2, 35, 298, NULL),
(116, 56, 2, 101, 305, NULL),
(117, 56, 2, 101, 306, NULL),
(118, 56, 2, 150, 300, NULL),
(119, 56, 2, 168, NULL, '2020-04-24'),
(120, 57, 3, 35, 298, NULL),
(121, 57, 3, 101, 305, NULL),
(122, 57, 3, 101, 306, NULL),
(123, 57, 3, 123, 276, NULL),
(124, 57, 3, 124, NULL, '2020-05-12'),
(125, 97, 1, 107, NULL, '03/01/1964'),
(126, 97, 1, 111, 285, NULL),
(127, 97, 1, 144, NULL, '56'),
(128, 97, 1, 166, 45, NULL),
(129, 97, 1, 167, NULL, '2020-04-05'),
(131, 98, 2, 35, 298, NULL),
(132, 98, 2, 101, 306, NULL),
(133, 98, 2, 101, 305, NULL),
(134, 98, 2, 150, 300, NULL),
(135, 98, 2, 168, NULL, '2020-04-05'),
(136, 99, 3, 35, 298, NULL),
(137, 99, 3, 101, 306, NULL),
(138, 99, 3, 101, 305, NULL),
(139, 99, 3, 123, 276, NULL),
(140, 99, 3, 124, NULL, '2020-05-07'),
(141, 94, 1, 107, NULL, '29/06/1974'),
(142, 94, 1, 111, 284, NULL),
(143, 94, 1, 144, NULL, '45'),
(144, 94, 1, 166, 45, NULL),
(145, 94, 1, 167, NULL, '2020-03-05'),
(147, 95, 2, 35, 298, NULL),
(148, 95, 2, 101, 305, NULL),
(149, 95, 2, 101, 306, NULL),
(150, 95, 2, 150, 300, NULL),
(151, 95, 2, 168, NULL, '2020-03-05'),
(152, 96, 3, 35, 298, NULL),
(153, 96, 3, 101, 305, NULL),
(154, 96, 3, 101, 306, NULL),
(155, 96, 3, 123, 276, NULL),
(156, 96, 3, 124, NULL, '2020-05-07'),
(157, 4, 1, 167, NULL, '2020-03-05'),
(158, 5, 2, 35, 298, NULL),
(159, 5, 2, 101, 305, NULL),
(160, 5, 2, 168, NULL, '2020-03-05'),
(161, 5, 2, 228, NULL, '2020-03-05'),
(162, 6, 3, 35, 298, NULL),
(163, 6, 3, 101, 305, NULL),
(164, 6, 3, 123, 275, NULL),
(165, 6, 3, 124, NULL, '2020-04-27'),
(166, 40, 1, 107, NULL, '25/05/1960'),
(167, 40, 1, 111, 285, NULL),
(168, 40, 1, 144, NULL, '60'),
(169, 40, 1, 166, 45, NULL),
(170, 40, 1, 167, NULL, '2020-04-22'),
(172, 41, 2, 35, 298, NULL),
(173, 41, 2, 101, 305, NULL),
(174, 41, 2, 101, 306, NULL),
(175, 41, 2, 150, 300, NULL),
(176, 41, 2, 168, NULL, '2020-04-22'),
(177, 42, 3, 35, 298, NULL),
(178, 42, 3, 101, 305, NULL),
(179, 42, 3, 101, 306, NULL),
(180, 42, 3, 123, 276, NULL),
(181, 42, 3, 124, NULL, '2020-02-05'),
(182, 202, 1, 107, NULL, '21/12/1951'),
(183, 202, 1, 111, 285, NULL),
(184, 202, 1, 144, NULL, '68'),
(185, 202, 1, 166, 45, NULL),
(186, 202, 1, 167, NULL, '2020-05-25'),
(188, 203, 2, 35, 298, NULL),
(189, 203, 2, 101, 305, NULL),
(190, 203, 2, 150, 300, NULL),
(191, 203, 2, 168, NULL, '2020-05-25'),
(192, 204, 3, 35, 298, NULL),
(193, 204, 3, 101, 305, NULL),
(194, 204, 3, 123, 276, NULL),
(195, 204, 3, 124, NULL, '2020-01-06'),
(196, 67, 1, 107, NULL, '30/08/1972'),
(197, 67, 1, 111, 284, NULL),
(198, 67, 1, 144, NULL, '47'),
(199, 67, 1, 166, 45, NULL),
(200, 67, 1, 167, NULL, '2020-04-27'),
(202, 68, 2, 35, 298, NULL),
(203, 68, 2, 101, 306, NULL),
(204, 68, 2, 101, 305, NULL),
(205, 68, 2, 150, 300, NULL),
(206, 68, 2, 168, NULL, '2020-04-27'),
(207, 69, 3, 35, 298, NULL),
(208, 69, 3, 101, 306, NULL),
(209, 69, 3, 101, 305, NULL),
(210, 69, 3, 123, 276, NULL),
(211, 69, 3, 124, NULL, '2020-05-06'),
(212, 103, 1, 107, NULL, '14/09/1959'),
(213, 103, 1, 111, 284, NULL),
(214, 103, 1, 144, NULL, '60'),
(215, 103, 1, 166, 45, NULL),
(216, 103, 1, 167, NULL, '2020-05-05'),
(218, 104, 2, 150, 300, NULL),
(219, 104, 2, 168, NULL, '2020-05-05'),
(220, 105, 3, 123, 276, NULL),
(221, 105, 3, 124, NULL, '2020-05-12'),
(222, 184, 1, 107, NULL, '10/11/1934'),
(223, 184, 1, 111, 285, NULL),
(224, 184, 1, 144, NULL, '85'),
(225, 184, 1, 166, 45, NULL),
(226, 184, 1, 167, NULL, '2020-05-21'),
(228, 185, 2, 150, 300, NULL),
(229, 185, 2, 168, NULL, '2020-05-21'),
(230, 186, 3, 123, 276, NULL),
(231, 186, 3, 124, NULL, '2020-06-13'),
(232, 25, 1, 107, NULL, '02/08/1974'),
(233, 25, 1, 111, 285, NULL),
(234, 25, 1, 144, NULL, '45'),
(235, 25, 1, 166, 45, NULL),
(236, 25, 1, 167, NULL, '2020-04-19'),
(238, 26, 2, 35, 298, NULL),
(239, 26, 2, 101, 306, NULL),
(240, 26, 2, 101, 305, NULL),
(241, 26, 2, 150, 300, NULL),
(242, 26, 2, 168, NULL, '2020-04-19'),
(243, 27, 3, 35, 298, NULL),
(244, 27, 3, 101, 305, NULL),
(245, 27, 3, 101, 306, NULL),
(246, 27, 3, 123, 276, NULL),
(247, 27, 3, 124, NULL, '2020-05-24'),
(248, 19, 1, 107, NULL, '18/01/1965'),
(249, 19, 1, 111, 285, NULL),
(250, 19, 1, 144, NULL, '55'),
(251, 19, 1, 166, 45, NULL),
(252, 19, 1, 167, NULL, '2020-04-15'),
(254, 20, 2, 35, 298, NULL),
(255, 20, 2, 101, 305, NULL),
(256, 20, 2, 101, 3, NULL),
(257, 20, 2, 101, 306, NULL),
(258, 20, 2, 150, 300, NULL),
(259, 20, 2, 168, NULL, '2020-04-15'),
(260, 21, 3, 35, 298, NULL),
(261, 21, 3, 101, 3, NULL),
(262, 21, 3, 101, 305, NULL),
(263, 21, 3, 101, 306, NULL),
(264, 21, 3, 123, 276, NULL),
(265, 21, 3, 124, NULL, '2020-04-20'),
(266, 196, 1, 107, NULL, '17/07/1962'),
(267, 196, 1, 111, 285, NULL),
(268, 196, 1, 144, NULL, '57'),
(269, 196, 1, 166, 45, NULL),
(270, 196, 1, 167, NULL, '2020-05-23'),
(272, 197, 2, 35, 298, NULL),
(273, 197, 2, 101, 305, NULL),
(274, 197, 2, 150, 300, NULL),
(275, 197, 2, 168, NULL, '2020-05-23'),
(276, 198, 3, 35, 298, NULL),
(277, 198, 3, 101, 305, NULL),
(278, 198, 3, 123, 276, NULL),
(279, 198, 3, 124, NULL, '2020-02-06'),
(280, 151, 1, 107, NULL, '25/12/1982'),
(281, 151, 1, 111, 284, NULL),
(282, 151, 1, 144, NULL, '37'),
(283, 151, 1, 166, 45, NULL),
(284, 151, 1, 167, NULL, '2020-05-14'),
(286, 152, 2, 35, 298, NULL),
(287, 152, 2, 101, 305, NULL),
(288, 152, 2, 150, 300, NULL),
(289, 152, 2, 168, NULL, '2020-05-14'),
(290, 153, 3, 35, 298, NULL),
(291, 153, 3, 101, 305, NULL),
(292, 153, 3, 123, 276, NULL),
(293, 153, 3, 124, NULL, '2020-05-16'),
(294, 214, 1, 107, NULL, '19/10/1961'),
(295, 214, 1, 111, 285, NULL),
(296, 214, 1, 144, NULL, '58'),
(297, 214, 1, 166, 45, NULL),
(298, 214, 1, 167, NULL, '2020-05-31'),
(300, 215, 2, 35, 298, NULL),
(301, 215, 2, 101, 305, NULL),
(302, 215, 2, 150, 300, NULL),
(303, 215, 2, 168, NULL, '2020-05-31'),
(304, 216, 3, 35, 298, NULL),
(305, 216, 3, 101, 305, NULL),
(306, 216, 3, 123, 276, NULL),
(307, 216, 3, 124, NULL, '2020-04-06'),
(308, 169, 1, 107, NULL, '18/06/1959'),
(309, 169, 1, 111, 285, NULL),
(310, 169, 1, 144, NULL, '61'),
(311, 169, 1, 166, 45, NULL),
(312, 169, 1, 167, NULL, '2020-05-18'),
(314, 170, 2, 35, 298, NULL),
(315, 170, 2, 101, 305, NULL),
(316, 170, 2, 150, 300, NULL),
(317, 170, 2, 168, NULL, '2020-05-18'),
(318, 171, 3, 35, 298, NULL),
(319, 171, 3, 101, 305, NULL),
(320, 171, 3, 123, 276, NULL),
(321, 171, 3, 124, NULL, '2020-05-26'),
(322, 118, 1, 107, NULL, '13/06/1936'),
(323, 118, 1, 111, 285, NULL),
(324, 118, 1, 144, NULL, '84'),
(325, 118, 1, 166, 45, NULL),
(326, 118, 1, 167, NULL, '2020-05-07'),
(328, 119, 2, 35, 298, NULL),
(329, 119, 2, 101, 306, NULL),
(330, 119, 2, 101, 305, NULL),
(331, 119, 2, 150, 300, NULL),
(332, 119, 2, 168, NULL, '2020-05-07'),
(333, 120, 3, 35, 298, NULL),
(334, 120, 3, 101, 305, NULL),
(335, 120, 3, 101, 306, NULL),
(336, 120, 3, 123, 276, NULL),
(337, 120, 3, 124, NULL, '2020-05-21'),
(338, 109, 1, 107, NULL, '10/08/1938'),
(339, 109, 1, 111, 284, NULL),
(340, 109, 1, 144, NULL, '81'),
(341, 109, 1, 166, 45, NULL),
(342, 109, 1, 167, NULL, '2020-05-06'),
(344, 110, 2, 35, 298, NULL),
(345, 110, 2, 101, 305, NULL),
(346, 110, 2, 101, 306, NULL),
(347, 110, 2, 150, 298, NULL),
(348, 110, 2, 168, NULL, '2020-05-06'),
(349, 110, 2, 228, NULL, '2020-05-06'),
(350, 111, 3, 35, 298, NULL),
(351, 111, 3, 101, 306, NULL),
(352, 111, 3, 101, 305, NULL),
(353, 111, 3, 123, 275, NULL),
(354, 111, 3, 124, NULL, '2020-05-13'),
(355, 142, 1, 107, NULL, '27/01/1957'),
(356, 142, 1, 111, 285, NULL),
(357, 142, 1, 144, NULL, '63'),
(358, 142, 1, 166, 45, NULL),
(359, 142, 1, 167, NULL, '2020-05-13'),
(361, 143, 2, 35, 298, NULL),
(362, 143, 2, 101, 305, NULL),
(363, 143, 2, 150, 300, NULL),
(364, 143, 2, 168, NULL, '2020-05-13'),
(365, 144, 3, 35, 298, NULL),
(366, 144, 3, 101, 305, NULL),
(367, 144, 3, 123, 276, NULL),
(368, 144, 3, 124, NULL, '2020-05-21'),
(369, 22, 1, 107, NULL, '21/12/1963'),
(370, 22, 1, 111, 285, NULL),
(371, 22, 1, 144, NULL, '56'),
(372, 22, 1, 166, 45, NULL),
(373, 22, 1, 167, NULL, '2020-04-17'),
(375, 23, 2, 35, 298, NULL),
(376, 23, 2, 101, 305, NULL),
(377, 23, 2, 101, 306, NULL),
(378, 23, 2, 150, 300, NULL),
(379, 23, 2, 168, NULL, '2020-04-17'),
(380, 24, 3, 35, 298, NULL),
(381, 24, 3, 101, 306, NULL),
(382, 24, 3, 101, 305, NULL),
(383, 24, 3, 123, 276, NULL),
(384, 24, 3, 124, NULL, '2020-04-29'),
(385, 217, 1, 107, NULL, '14/09/1938'),
(386, 217, 1, 111, 285, NULL),
(387, 217, 1, 144, NULL, '81'),
(388, 217, 1, 166, 45, NULL),
(389, 217, 1, 167, NULL, '2020-01-06'),
(391, 218, 2, 35, 298, NULL),
(392, 218, 2, 101, 305, NULL),
(393, 218, 2, 150, 300, NULL),
(394, 218, 2, 168, NULL, '2020-01-06'),
(395, 219, 3, 35, 298, NULL),
(396, 219, 3, 101, 305, NULL),
(397, 219, 3, 123, 276, NULL),
(398, 219, 3, 124, NULL, '2020-06-09'),
(399, 154, 1, 107, NULL, '13/01/1998'),
(400, 154, 1, 111, 285, NULL),
(401, 154, 1, 144, NULL, '22'),
(402, 154, 1, 166, 45, NULL),
(403, 154, 1, 167, NULL, '2020-05-14'),
(405, 155, 2, 35, 298, NULL),
(406, 155, 2, 101, 305, NULL),
(407, 155, 2, 150, 300, NULL),
(408, 155, 2, 168, NULL, '2020-05-14'),
(409, 156, 3, 35, 298, NULL),
(410, 156, 3, 101, 305, NULL),
(411, 156, 3, 123, 276, NULL),
(412, 156, 3, 124, NULL, '2020-05-22'),
(413, 1, 1, 167, NULL, '2020-01-24'),
(414, 2, 2, 35, 298, NULL),
(415, 2, 2, 101, 306, NULL),
(416, 2, 2, 168, NULL, '2020-01-24'),
(417, 3, 3, 35, 298, NULL),
(418, 3, 3, 101, 306, NULL),
(419, 3, 3, 123, 275, NULL),
(420, 3, 3, 124, NULL, '2020-05-12'),
(421, 112, 1, 107, NULL, '28/07/1994'),
(422, 112, 1, 111, 284, NULL),
(423, 112, 1, 144, NULL, '25'),
(424, 112, 1, 166, 45, NULL),
(425, 112, 1, 167, NULL, '2020-05-06'),
(427, 113, 2, 35, 298, NULL),
(428, 113, 2, 101, 305, NULL),
(429, 113, 2, 150, 300, NULL),
(430, 113, 2, 168, NULL, '2020-05-06'),
(431, 114, 3, 35, 298, NULL),
(432, 114, 3, 101, 305, NULL),
(433, 114, 3, 123, 276, NULL),
(434, 114, 3, 124, NULL, '2020-05-08'),
(435, 115, 1, 107, NULL, '16/09/1985'),
(436, 115, 1, 111, 285, NULL),
(437, 115, 1, 144, NULL, '34'),
(438, 115, 1, 166, 45, NULL),
(439, 115, 1, 167, NULL, '2020-05-07'),
(441, 116, 2, 35, 298, NULL),
(442, 116, 2, 101, 306, NULL),
(443, 116, 2, 150, 300, NULL),
(444, 116, 2, 168, NULL, '2020-05-07'),
(445, 117, 3, 35, 298, NULL),
(446, 117, 3, 101, 306, NULL),
(447, 117, 3, 123, 276, NULL),
(448, 117, 3, 124, NULL, '2020-05-11'),
(449, 79, 1, 107, NULL, '25/03/1952'),
(450, 79, 1, 111, 285, NULL),
(451, 79, 1, 144, NULL, '68'),
(452, 79, 1, 166, 45, NULL),
(453, 79, 1, 167, NULL, '2020-04-28'),
(455, 80, 2, 35, 298, NULL),
(456, 80, 2, 101, 306, NULL),
(457, 80, 2, 101, 305, NULL),
(458, 80, 2, 150, 300, NULL),
(459, 80, 2, 168, NULL, '2020-04-28'),
(460, 81, 3, 35, 298, NULL),
(461, 81, 3, 101, 306, NULL),
(462, 81, 3, 101, 305, NULL),
(463, 81, 3, 123, 276, NULL),
(464, 81, 3, 124, NULL, '2020-05-16'),
(465, 7, 1, 107, NULL, '18/11/1952'),
(466, 7, 1, 111, 284, NULL),
(467, 7, 1, 144, NULL, '67'),
(468, 7, 1, 166, 45, NULL),
(469, 7, 1, 167, NULL, '2020-04-10'),
(471, 8, 2, 35, 298, NULL),
(472, 8, 2, 101, 306, NULL),
(473, 8, 2, 101, 305, NULL),
(474, 8, 2, 150, 298, NULL),
(475, 8, 2, 168, NULL, '2020-04-10'),
(476, 8, 2, 228, NULL, '2020-04-10'),
(477, 9, 3, 35, 298, NULL),
(478, 9, 3, 101, 306, NULL),
(479, 9, 3, 101, 305, NULL),
(480, 9, 3, 123, 275, NULL),
(481, 9, 3, 124, NULL, '2020-05-07'),
(482, 223, 1, 107, NULL, '23/11/1989'),
(483, 223, 1, 111, 285, NULL),
(484, 223, 1, 144, NULL, '30'),
(485, 223, 1, 166, 45, NULL),
(486, 223, 1, 167, NULL, '2020-03-06'),
(488, 224, 2, 35, 298, NULL),
(489, 224, 2, 101, 305, NULL),
(490, 224, 2, 101, 3, NULL),
(491, 224, 2, 150, 298, NULL),
(492, 224, 2, 168, NULL, '2020-03-06'),
(493, 224, 2, 228, NULL, '2020-03-06'),
(494, 225, 3, 35, 298, NULL),
(495, 225, 3, 101, 3, NULL),
(496, 225, 3, 101, 305, NULL),
(497, 225, 3, 123, 275, NULL),
(498, 225, 3, 124, NULL, '2020-06-13'),
(499, 13, 1, 107, NULL, '18/11/1978'),
(500, 13, 1, 111, 285, NULL),
(501, 13, 1, 144, NULL, '41'),
(502, 13, 1, 166, 45, NULL),
(503, 13, 1, 167, NULL, '2020-04-14'),
(505, 14, 2, 35, 298, NULL),
(506, 14, 2, 101, 306, NULL),
(507, 14, 2, 101, 305, NULL),
(508, 14, 2, 150, 300, NULL),
(509, 14, 2, 168, NULL, '2020-04-14'),
(510, 15, 3, 35, 298, NULL),
(511, 15, 3, 101, 305, NULL),
(512, 15, 3, 101, 306, NULL),
(513, 15, 3, 123, 276, NULL),
(514, 15, 3, 124, NULL, '2020-04-20'),
(515, 16, 1, 107, NULL, '17/02/1976'),
(516, 16, 1, 111, 285, NULL),
(517, 16, 1, 144, NULL, '44'),
(518, 16, 1, 166, 45, NULL),
(519, 16, 1, 167, NULL, '2020-04-15'),
(521, 17, 2, 150, 300, NULL),
(522, 17, 2, 168, NULL, '2020-04-15'),
(523, 18, 3, 123, 276, NULL),
(524, 18, 3, 124, NULL, '2020-04-18'),
(525, 28, 1, 107, NULL, '14/02/1952'),
(526, 28, 1, 111, 285, NULL),
(527, 28, 1, 144, NULL, '68'),
(528, 28, 1, 166, 45, NULL),
(529, 28, 1, 167, NULL, '2020-04-19'),
(531, 29, 2, 150, 300, NULL),
(532, 29, 2, 168, NULL, '2020-04-19'),
(533, 30, 3, 123, 276, NULL),
(534, 30, 3, 124, NULL, '2020-04-20'),
(535, 31, 1, 107, NULL, '30/10/1944'),
(536, 31, 1, 111, 284, NULL),
(537, 31, 1, 144, NULL, '75'),
(538, 31, 1, 166, 45, NULL),
(539, 31, 1, 167, NULL, '2020-04-20'),
(541, 32, 2, 35, 298, NULL),
(542, 32, 2, 101, 306, NULL),
(543, 32, 2, 101, 305, NULL),
(544, 32, 2, 150, 298, NULL),
(545, 32, 2, 168, NULL, '2020-04-20'),
(546, 32, 2, 228, NULL, '2020-04-20'),
(547, 33, 3, 35, 298, NULL),
(548, 33, 3, 101, 305, NULL),
(549, 33, 3, 101, 306, NULL),
(550, 33, 3, 123, 275, NULL),
(551, 33, 3, 124, NULL, '2020-04-30'),
(552, 34, 1, 107, NULL, '04/07/1975'),
(553, 34, 1, 111, 284, NULL),
(554, 34, 1, 144, NULL, '44'),
(555, 34, 1, 166, 45, NULL),
(556, 34, 1, 167, NULL, '2020-04-20'),
(558, 35, 2, 35, 298, NULL),
(559, 35, 2, 101, 305, NULL),
(560, 35, 2, 101, 306, NULL),
(561, 35, 2, 150, 300, NULL),
(562, 35, 2, 168, NULL, '2020-04-20'),
(563, 36, 3, 35, 298, NULL),
(564, 36, 3, 101, 306, NULL),
(565, 36, 3, 101, 305, NULL),
(566, 36, 3, 123, 276, NULL),
(567, 36, 3, 124, NULL, '2020-04-28'),
(568, 37, 1, 107, NULL, '09/12/1947'),
(569, 37, 1, 111, 284, NULL),
(570, 37, 1, 144, NULL, '72'),
(571, 37, 1, 166, 45, NULL),
(572, 37, 1, 167, NULL, '2020-04-21'),
(574, 38, 2, 35, 298, NULL),
(575, 38, 2, 101, 305, NULL),
(576, 38, 2, 101, 306, NULL),
(577, 38, 2, 150, 298, NULL),
(578, 38, 2, 168, NULL, '2020-04-21'),
(579, 38, 2, 228, NULL, '2020-04-21'),
(580, 39, 3, 35, 298, NULL),
(581, 39, 3, 101, 305, NULL),
(582, 39, 3, 101, 306, NULL),
(583, 39, 3, 123, 275, NULL),
(584, 39, 3, 124, NULL, '2020-05-08'),
(585, 43, 1, 107, NULL, '28/08/1936'),
(586, 43, 1, 111, 285, NULL),
(587, 43, 1, 144, NULL, '83'),
(588, 43, 1, 166, 45, NULL),
(589, 43, 1, 167, NULL, '2020-04-22'),
(591, 44, 2, 35, 298, NULL),
(592, 44, 2, 101, 306, NULL),
(593, 44, 2, 150, 300, NULL),
(594, 44, 2, 168, NULL, '2020-04-22'),
(595, 45, 3, 35, 298, NULL),
(596, 45, 3, 101, 306, NULL),
(597, 45, 3, 123, 276, NULL),
(598, 45, 3, 124, NULL, '2020-04-28'),
(599, 46, 1, 107, NULL, '03/09/1973'),
(600, 46, 1, 111, 284, NULL),
(601, 46, 1, 144, NULL, '46'),
(602, 46, 1, 166, 45, NULL),
(603, 46, 1, 167, NULL, '2020-04-23'),
(605, 47, 2, 35, 298, NULL),
(606, 47, 2, 101, 306, NULL),
(607, 47, 2, 101, 305, NULL),
(608, 47, 2, 150, 300, NULL),
(609, 47, 2, 168, NULL, '2020-04-23'),
(610, 48, 3, 35, 298, NULL),
(611, 48, 3, 101, 306, NULL),
(612, 48, 3, 101, 305, NULL),
(613, 48, 3, 123, 276, NULL),
(614, 48, 3, 124, NULL, '2020-04-27'),
(615, 49, 1, 107, NULL, '03/01/1973'),
(616, 49, 1, 111, 285, NULL),
(617, 49, 1, 144, NULL, '47'),
(618, 49, 1, 166, 45, NULL),
(619, 49, 1, 167, NULL, '2020-04-23'),
(621, 50, 2, 35, 298, NULL),
(622, 50, 2, 101, 306, NULL),
(623, 50, 2, 150, 300, NULL),
(624, 50, 2, 168, NULL, '2020-04-23'),
(625, 51, 3, 35, 298, NULL),
(626, 51, 3, 101, 306, NULL),
(627, 51, 3, 123, 276, NULL),
(628, 51, 3, 124, NULL, '2020-04-27'),
(629, 52, 1, 107, NULL, '27/01/1974'),
(630, 52, 1, 111, 285, NULL),
(631, 52, 1, 144, NULL, '46'),
(632, 52, 1, 166, 45, NULL),
(633, 52, 1, 167, NULL, '2020-04-23'),
(635, 53, 2, 35, 298, NULL),
(636, 53, 2, 101, 305, NULL),
(637, 53, 2, 101, 306, NULL),
(638, 53, 2, 150, 300, NULL),
(639, 53, 2, 168, NULL, '2020-04-23'),
(640, 54, 3, 35, 298, NULL),
(641, 54, 3, 101, 305, NULL),
(642, 54, 3, 101, 306, NULL),
(643, 54, 3, 123, 276, NULL),
(644, 54, 3, 124, NULL, '2020-05-08'),
(645, 58, 1, 107, NULL, '01/04/1964'),
(646, 58, 1, 111, 285, NULL),
(647, 58, 1, 144, NULL, '56'),
(648, 58, 1, 166, 45, NULL),
(649, 58, 1, 167, NULL, '2020-04-24'),
(651, 59, 2, 35, 298, NULL),
(652, 59, 2, 101, 305, NULL),
(653, 59, 2, 101, 306, NULL),
(654, 59, 2, 150, 300, NULL),
(655, 59, 2, 168, NULL, '2020-04-24'),
(656, 60, 3, 35, 298, NULL),
(657, 60, 3, 101, 305, NULL),
(658, 60, 3, 101, 306, NULL),
(659, 60, 3, 123, 276, NULL),
(660, 60, 3, 124, NULL, '2020-05-05'),
(661, 61, 1, 107, NULL, '05/06/1984'),
(662, 61, 1, 111, 284, NULL),
(663, 61, 1, 144, NULL, '36'),
(664, 61, 1, 166, 45, NULL),
(665, 61, 1, 167, NULL, '2020-04-26'),
(667, 62, 2, 35, 298, NULL),
(668, 62, 2, 101, 305, NULL),
(669, 62, 2, 150, 300, NULL),
(670, 62, 2, 168, NULL, '2020-04-26'),
(671, 63, 3, 35, 298, NULL),
(672, 63, 3, 101, 305, NULL),
(673, 63, 3, 123, 276, NULL),
(674, 63, 3, 124, NULL, '2020-01-05'),
(675, 70, 1, 107, NULL, '08/02/1979'),
(676, 70, 1, 111, 285, NULL),
(677, 70, 1, 144, NULL, '41'),
(678, 70, 1, 166, 45, NULL),
(679, 70, 1, 167, NULL, '2020-04-27'),
(681, 71, 2, 35, 298, NULL),
(682, 71, 2, 101, 306, NULL),
(683, 71, 2, 101, 305, NULL),
(684, 71, 2, 150, 300, NULL),
(685, 71, 2, 168, NULL, '2020-04-27'),
(686, 72, 3, 35, 298, NULL),
(687, 72, 3, 101, 305, NULL),
(688, 72, 3, 101, 306, NULL),
(689, 72, 3, 123, 276, NULL),
(690, 72, 3, 124, NULL, '2020-05-10'),
(691, 73, 1, 107, NULL, '03/03/1988'),
(692, 73, 1, 111, 285, NULL),
(693, 73, 1, 144, NULL, '32'),
(694, 73, 1, 166, 45, NULL),
(695, 73, 1, 167, NULL, '2020-04-28'),
(697, 74, 2, 35, 298, NULL),
(698, 74, 2, 101, 305, NULL),
(699, 74, 2, 101, 306, NULL),
(700, 74, 2, 150, 300, NULL),
(701, 74, 2, 168, NULL, '2020-04-28'),
(702, 75, 3, 35, 298, NULL),
(703, 75, 3, 101, 305, NULL),
(704, 75, 3, 101, 306, NULL),
(705, 75, 3, 123, 276, NULL),
(706, 75, 3, 124, NULL, '2020-03-05'),
(707, 76, 1, 107, NULL, '22/04/1960'),
(708, 76, 1, 111, 285, NULL),
(709, 76, 1, 144, NULL, '60'),
(710, 76, 1, 166, 45, NULL),
(711, 76, 1, 167, NULL, '2020-04-28'),
(713, 77, 2, 35, 298, NULL),
(714, 77, 2, 101, 306, NULL),
(715, 77, 2, 101, 305, NULL),
(716, 77, 2, 150, 298, NULL),
(717, 77, 2, 168, NULL, '2020-04-28'),
(718, 77, 2, 228, NULL, '2020-04-28'),
(719, 78, 3, 35, 298, NULL),
(720, 78, 3, 101, 305, NULL),
(721, 78, 3, 101, 306, NULL),
(722, 78, 3, 123, 275, NULL),
(723, 78, 3, 124, NULL, '2020-05-20'),
(724, 85, 1, 107, NULL, '10/12/1955'),
(725, 85, 1, 111, 285, NULL),
(726, 85, 1, 144, NULL, '64'),
(727, 85, 1, 166, 45, NULL),
(728, 85, 1, 167, NULL, '2020-01-05'),
(730, 86, 2, 35, 298, NULL),
(731, 86, 2, 101, 306, NULL),
(732, 86, 2, 150, 298, NULL),
(733, 86, 2, 168, NULL, '2020-01-05'),
(734, 86, 2, 228, NULL, '2020-01-05'),
(735, 87, 3, 35, 298, NULL),
(736, 87, 3, 101, 306, NULL),
(737, 87, 3, 123, 275, NULL),
(738, 87, 3, 124, NULL, '2020-03-05'),
(739, 88, 1, 107, NULL, '04/07/1951'),
(740, 88, 1, 111, 285, NULL),
(741, 88, 1, 144, NULL, '68'),
(742, 88, 1, 166, 45, NULL),
(743, 88, 1, 167, NULL, '2020-02-05'),
(745, 89, 2, 35, 298, NULL),
(746, 89, 2, 101, 306, NULL),
(747, 89, 2, 101, 305, NULL),
(748, 89, 2, 150, 298, NULL),
(749, 89, 2, 168, NULL, '2020-02-05'),
(750, 89, 2, 228, NULL, '2020-02-05'),
(751, 90, 3, 35, 298, NULL),
(752, 90, 3, 101, 306, NULL),
(753, 90, 3, 101, 305, NULL),
(754, 90, 3, 123, 275, NULL),
(755, 90, 3, 124, NULL, '2020-05-11'),
(756, 91, 1, 107, NULL, '12/09/1985'),
(757, 91, 1, 111, 285, NULL),
(758, 91, 1, 144, NULL, '34'),
(759, 91, 1, 166, 45, NULL),
(760, 91, 1, 167, NULL, '2020-02-05'),
(762, 92, 2, 35, 298, NULL),
(763, 92, 2, 101, 306, NULL),
(764, 92, 2, 150, 300, NULL),
(765, 92, 2, 168, NULL, '2020-02-05'),
(766, 93, 3, 35, 298, NULL),
(767, 93, 3, 101, 306, NULL),
(768, 93, 3, 123, 276, NULL),
(769, 93, 3, 124, NULL, '2020-04-05'),
(770, 100, 1, 107, NULL, '21/11/1961'),
(771, 100, 1, 111, 284, NULL),
(772, 100, 1, 144, NULL, '58'),
(773, 100, 1, 166, 45, NULL),
(774, 100, 1, 167, NULL, '2020-05-05'),
(776, 101, 2, 35, 298, NULL),
(777, 101, 2, 101, 306, NULL),
(778, 101, 2, 101, 305, NULL),
(779, 101, 2, 150, 298, NULL),
(780, 101, 2, 168, NULL, '2020-05-05'),
(781, 101, 2, 228, NULL, '2020-05-05'),
(782, 102, 3, 35, 298, NULL),
(783, 102, 3, 101, 306, NULL),
(784, 102, 3, 101, 305, NULL),
(785, 102, 3, 123, 275, NULL),
(786, 102, 3, 124, NULL, '2020-05-20'),
(787, 106, 1, 107, NULL, '18/09/1971'),
(788, 106, 1, 111, 284, NULL),
(789, 106, 1, 144, NULL, '48'),
(790, 106, 1, 166, 45, NULL),
(791, 106, 1, 167, NULL, '2020-05-06'),
(793, 107, 2, 150, 300, NULL),
(794, 107, 2, 168, NULL, '2020-05-06'),
(795, 108, 3, 123, 276, NULL),
(796, 108, 3, 124, NULL, '2020-05-12'),
(797, 124, 1, 107, NULL, '19/09/1995'),
(798, 124, 1, 111, 284, NULL),
(799, 124, 1, 144, NULL, '24'),
(800, 124, 1, 166, 45, NULL),
(801, 124, 1, 167, NULL, '2020-05-08'),
(803, 125, 2, 35, 298, NULL),
(804, 125, 2, 101, 305, NULL),
(805, 125, 2, 150, 300, NULL),
(806, 125, 2, 168, NULL, '2020-05-08'),
(807, 126, 3, 35, 298, NULL),
(808, 126, 3, 101, 305, NULL),
(809, 126, 3, 123, 276, NULL),
(810, 126, 3, 124, NULL, '2020-05-13'),
(811, 121, 1, 107, NULL, '14/09/1943'),
(812, 121, 1, 111, 285, NULL),
(813, 121, 1, 144, NULL, '76'),
(814, 121, 1, 166, 45, NULL),
(815, 121, 1, 167, NULL, '2020-05-08'),
(817, 122, 2, 35, 298, NULL),
(818, 122, 2, 101, 305, NULL),
(819, 122, 2, 150, 300, NULL),
(820, 122, 2, 168, NULL, '2020-05-08'),
(821, 123, 3, 35, 298, NULL),
(822, 123, 3, 101, 305, NULL),
(823, 123, 3, 123, 275, NULL),
(824, 123, 3, 124, NULL, '2020-05-17'),
(825, 127, 1, 107, NULL, '05/07/1974'),
(826, 127, 1, 111, 285, NULL),
(827, 127, 1, 144, NULL, '45'),
(828, 127, 1, 166, 45, NULL),
(829, 127, 1, 167, NULL, '2020-05-11'),
(831, 128, 2, 35, 298, NULL),
(832, 128, 2, 101, 305, NULL),
(833, 128, 2, 101, 306, NULL),
(834, 128, 2, 150, 300, NULL),
(835, 128, 2, 168, NULL, '2020-05-11'),
(836, 129, 3, 35, 298, NULL),
(837, 129, 3, 101, 306, NULL),
(838, 129, 3, 101, 305, NULL),
(839, 129, 3, 123, 276, NULL),
(840, 129, 3, 124, NULL, '2020-05-19'),
(841, 130, 1, 107, NULL, '10/02/1972'),
(842, 130, 1, 111, 284, NULL),
(843, 130, 1, 144, NULL, '48'),
(844, 130, 1, 166, 45, NULL),
(845, 130, 1, 167, NULL, '2020-05-12'),
(847, 131, 2, 35, 298, NULL),
(848, 131, 2, 101, 305, NULL),
(849, 131, 2, 150, 300, NULL),
(850, 131, 2, 168, NULL, '2020-05-12'),
(851, 132, 3, 35, 298, NULL),
(852, 132, 3, 101, 305, NULL),
(853, 132, 3, 123, 276, NULL),
(854, 132, 3, 124, NULL, '2020-05-19'),
(855, 133, 1, 107, NULL, '30/09/1966'),
(856, 133, 1, 111, 285, NULL),
(857, 133, 1, 144, NULL, '53'),
(858, 133, 1, 166, 45, NULL),
(859, 133, 1, 167, NULL, '2020-05-12'),
(861, 134, 2, 35, 298, NULL),
(862, 134, 2, 101, 305, NULL),
(863, 134, 2, 150, 298, NULL),
(864, 134, 2, 168, NULL, '2020-05-12'),
(865, 134, 2, 228, NULL, '2020-05-12'),
(866, 135, 3, 35, 298, NULL),
(867, 135, 3, 101, 305, NULL),
(868, 135, 3, 123, 275, NULL),
(869, 135, 3, 124, NULL, '2020-05-13'),
(870, 136, 1, 107, NULL, '21/08/1951'),
(871, 136, 1, 111, 284, NULL),
(872, 136, 1, 144, NULL, '68'),
(873, 136, 1, 166, 45, NULL),
(874, 136, 1, 167, NULL, '2020-05-12'),
(876, 137, 2, 35, 298, NULL),
(877, 137, 2, 101, 305, NULL),
(878, 137, 2, 150, 298, NULL),
(879, 137, 2, 168, NULL, '2020-05-12'),
(880, 137, 2, 228, NULL, '2020-05-12'),
(881, 138, 3, 35, 298, NULL),
(882, 138, 3, 101, 305, NULL),
(883, 138, 3, 123, 275, NULL),
(884, 138, 3, 124, NULL, '2020-06-12'),
(885, 139, 1, 107, NULL, '06/09/1951'),
(886, 139, 1, 111, 285, NULL),
(887, 139, 1, 144, NULL, '68'),
(888, 139, 1, 166, 45, NULL),
(889, 139, 1, 167, NULL, '2020-05-13'),
(891, 140, 2, 35, 298, NULL),
(892, 140, 2, 101, 305, NULL),
(893, 140, 2, 150, 300, NULL),
(894, 140, 2, 168, NULL, '2020-05-13'),
(895, 141, 3, 35, 298, NULL),
(896, 141, 3, 101, 305, NULL),
(897, 141, 3, 123, 276, NULL),
(898, 141, 3, 124, NULL, '2020-06-10'),
(899, 160, 1, 107, NULL, '16/03/1969'),
(900, 160, 1, 111, 285, NULL),
(901, 160, 1, 144, NULL, '51'),
(902, 160, 1, 166, 45, NULL),
(903, 160, 1, 167, NULL, '2020-05-14'),
(905, 161, 2, 150, 298, NULL),
(906, 161, 2, 168, NULL, '2020-05-14'),
(907, 161, 2, 228, NULL, '2020-05-14'),
(908, 162, 3, 123, 275, NULL),
(909, 162, 3, 124, NULL, '2020-05-21'),
(910, 157, 1, 107, NULL, '27/02/1968'),
(911, 157, 1, 111, 284, NULL),
(912, 157, 1, 144, NULL, '52'),
(913, 157, 1, 166, 45, NULL),
(914, 157, 1, 167, NULL, '2020-05-14'),
(916, 158, 2, 35, 298, NULL),
(917, 158, 2, 101, 305, NULL),
(918, 158, 2, 150, 300, NULL),
(919, 158, 2, 168, NULL, '2020-05-14'),
(920, 159, 3, 35, 298, NULL),
(921, 159, 3, 101, 305, NULL),
(922, 159, 3, 123, 276, NULL),
(923, 159, 3, 124, NULL, '2020-01-06'),
(924, 166, 1, 107, NULL, '23/08/1978'),
(925, 166, 1, 111, 285, NULL),
(926, 166, 1, 144, NULL, '41'),
(927, 166, 1, 166, 45, NULL),
(928, 166, 1, 167, NULL, '2020-05-15'),
(930, 167, 2, 150, 300, NULL),
(931, 167, 2, 168, NULL, '2020-05-15'),
(932, 168, 3, 123, 276, NULL),
(933, 168, 3, 124, NULL, '2020-05-20'),
(934, 163, 1, 107, NULL, '25/12/1964'),
(935, 163, 1, 111, 285, NULL),
(936, 163, 1, 144, NULL, '55'),
(937, 163, 1, 166, 45, NULL),
(938, 163, 1, 167, NULL, '2020-05-15'),
(940, 164, 2, 150, 300, NULL),
(941, 164, 2, 168, NULL, '2020-05-15'),
(942, 165, 3, 123, 276, NULL),
(943, 165, 3, 124, NULL, '2020-05-20'),
(944, 172, 1, 107, NULL, '17/03/1935'),
(945, 172, 1, 111, 284, NULL),
(946, 172, 1, 144, NULL, '85'),
(947, 172, 1, 166, 45, NULL),
(948, 172, 1, 167, NULL, '2020-05-18'),
(950, 173, 2, 35, 298, NULL),
(951, 173, 2, 101, 305, NULL),
(952, 173, 2, 150, 300, NULL),
(953, 173, 2, 168, NULL, '2020-05-18'),
(954, 174, 3, 35, 298, NULL),
(955, 174, 3, 101, 305, NULL),
(956, 174, 3, 123, 276, NULL),
(957, 174, 3, 124, NULL, '2020-05-27'),
(958, 175, 1, 107, NULL, '17/09/1984'),
(959, 175, 1, 111, 285, NULL),
(960, 175, 1, 144, NULL, '35'),
(961, 175, 1, 166, 45, NULL),
(962, 175, 1, 167, NULL, '2020-05-20'),
(964, 176, 2, 150, 300, NULL),
(965, 176, 2, 168, NULL, '2020-05-20'),
(966, 177, 3, 123, 276, NULL),
(967, 177, 3, 124, NULL, '2020-05-21'),
(968, 187, 1, 107, NULL, '17/09/1953'),
(969, 187, 1, 111, 284, NULL),
(970, 187, 1, 144, NULL, '66'),
(971, 187, 1, 166, 45, NULL),
(972, 187, 1, 167, NULL, '2020-05-21'),
(974, 188, 2, 150, 298, NULL),
(975, 188, 2, 168, NULL, '2020-05-21'),
(976, 188, 2, 228, NULL, '2020-05-21'),
(977, 189, 3, 123, 275, NULL),
(978, 189, 3, 124, NULL, '2020-04-06'),
(979, 178, 1, 107, NULL, '16/08/1952'),
(980, 178, 1, 111, 285, NULL),
(981, 178, 1, 144, NULL, '67'),
(982, 178, 1, 166, 45, NULL),
(983, 178, 1, 167, NULL, '2020-05-20'),
(985, 179, 2, 35, 298, NULL),
(986, 179, 2, 101, 305, NULL),
(987, 179, 2, 150, 300, NULL),
(988, 179, 2, 168, NULL, '2020-05-20'),
(989, 180, 3, 35, 298, NULL),
(990, 180, 3, 101, 305, NULL),
(991, 180, 3, 123, 276, NULL),
(992, 180, 3, 124, NULL, '2020-05-26'),
(993, 181, 1, 107, NULL, '18/08/1986'),
(994, 181, 1, 111, 285, NULL),
(995, 181, 1, 144, NULL, '33'),
(996, 181, 1, 166, 45, NULL),
(997, 181, 1, 167, NULL, '2020-05-20'),
(999, 182, 2, 35, 298, NULL),
(1000, 182, 2, 101, 305, NULL),
(1001, 182, 2, 101, 306, NULL),
(1002, 182, 2, 150, 300, NULL),
(1003, 182, 2, 168, NULL, '2020-05-20'),
(1004, 183, 3, 35, 298, NULL),
(1005, 183, 3, 101, 306, NULL),
(1006, 183, 3, 101, 305, NULL),
(1007, 183, 3, 123, 276, NULL),
(1008, 183, 3, 124, NULL, '2020-05-25'),
(1009, 190, 1, 107, NULL, '04/08/1960'),
(1010, 190, 1, 111, 285, NULL),
(1011, 190, 1, 144, NULL, '59'),
(1012, 190, 1, 166, 45, NULL),
(1013, 190, 1, 167, NULL, '2020-05-21'),
(1015, 191, 2, 35, 298, NULL),
(1016, 191, 2, 101, 305, NULL),
(1017, 191, 2, 150, 300, NULL),
(1018, 191, 2, 168, NULL, '2020-05-21'),
(1019, 192, 3, 35, 298, NULL),
(1020, 192, 3, 101, 305, NULL),
(1021, 192, 3, 123, 276, NULL),
(1022, 192, 3, 124, NULL, '2020-05-25'),
(1023, 199, 1, 107, NULL, '13/05/1954'),
(1024, 199, 1, 111, 284, NULL),
(1025, 199, 1, 144, NULL, '66'),
(1026, 199, 1, 166, 45, NULL),
(1027, 199, 1, 167, NULL, '2020-05-24'),
(1029, 200, 2, 35, 298, NULL),
(1030, 200, 2, 101, 305, NULL),
(1031, 200, 2, 150, 300, NULL),
(1032, 200, 2, 168, NULL, '2020-05-24'),
(1033, 201, 3, 35, 298, NULL),
(1034, 201, 3, 101, 305, NULL),
(1035, 201, 3, 123, 276, NULL),
(1036, 201, 3, 124, NULL, '2020-06-20'),
(1037, 205, 1, 107, NULL, '10/04/1961'),
(1038, 205, 1, 111, 285, NULL),
(1039, 205, 1, 144, NULL, '59'),
(1040, 205, 1, 166, 45, NULL),
(1041, 205, 1, 167, NULL, '2020-05-25'),
(1043, 206, 2, 35, 298, NULL),
(1044, 206, 2, 101, 305, NULL),
(1045, 206, 2, 150, 298, NULL),
(1046, 206, 2, 168, NULL, '2020-05-25'),
(1047, 206, 2, 228, NULL, '2020-05-25'),
(1048, 207, 3, 35, 298, NULL),
(1049, 207, 3, 101, 305, NULL),
(1050, 207, 3, 123, 275, NULL),
(1051, 207, 3, 124, NULL, '2020-02-06'),
(1052, 208, 1, 107, NULL, '10/10/1983'),
(1053, 208, 1, 111, 285, NULL),
(1054, 208, 1, 144, NULL, '36'),
(1055, 208, 1, 166, 45, NULL),
(1056, 208, 1, 167, NULL, '2020-05-26'),
(1058, 209, 2, 35, 298, NULL),
(1059, 209, 2, 101, 305, NULL),
(1060, 209, 2, 150, 300, NULL),
(1061, 209, 2, 168, NULL, '2020-05-26'),
(1062, 210, 3, 35, 298, NULL),
(1063, 210, 3, 101, 305, NULL),
(1064, 210, 3, 123, 276, NULL),
(1065, 210, 3, 124, NULL, '2020-05-06'),
(1066, 211, 1, 107, NULL, '06/01/1965'),
(1067, 211, 1, 111, 284, NULL),
(1068, 211, 1, 144, NULL, '55'),
(1069, 211, 1, 166, 45, NULL),
(1070, 211, 1, 167, NULL, '2020-05-29'),
(1072, 212, 2, 150, 300, NULL),
(1073, 212, 2, 168, NULL, '2020-05-29'),
(1074, 213, 3, 123, 276, NULL),
(1075, 213, 3, 124, NULL, '2020-04-06'),
(1076, 226, 1, 107, NULL, '14/04/1950'),
(1077, 226, 1, 111, 284, NULL),
(1078, 226, 1, 144, NULL, '70'),
(1079, 226, 1, 166, 45, NULL),
(1080, 226, 1, 167, NULL, '2020-06-12'),
(1082, 227, 2, 35, 298, NULL),
(1083, 227, 2, 101, 305, NULL),
(1084, 227, 2, 150, 300, NULL),
(1085, 227, 2, 168, NULL, '2020-06-12'),
(1086, 228, 3, 35, 298, NULL),
(1087, 228, 3, 101, 305, NULL),
(1088, 228, 3, 123, 276, NULL),
(1089, 228, 3, 124, NULL, '2020-06-16'),
(1090, 229, 1, 107, NULL, '22/10/1972'),
(1091, 229, 1, 111, 284, NULL),
(1092, 229, 1, 144, NULL, '47'),
(1093, 229, 1, 166, 45, NULL),
(1094, 229, 1, 167, NULL, '2020-06-12'),
(1096, 230, 2, 35, 298, NULL),
(1097, 230, 2, 101, 305, NULL),
(1098, 230, 2, 150, 300, NULL),
(1099, 230, 2, 168, NULL, '2020-06-12'),
(1100, 231, 3, 35, 298, NULL),
(1101, 231, 3, 101, 305, NULL),
(1102, 231, 3, 123, 276, NULL),
(1103, 231, 3, 124, NULL, '2020-06-17'),
(1104, 232, 1, 107, NULL, '10/09/1969'),
(1105, 232, 1, 111, 285, NULL),
(1106, 232, 1, 144, NULL, '50'),
(1107, 232, 1, 166, 45, NULL),
(1108, 232, 1, 167, NULL, '2020-06-15'),
(1110, 233, 2, 150, 298, NULL),
(1111, 233, 2, 168, NULL, '2020-06-15'),
(1112, 233, 2, 228, NULL, '2020-06-15'),
(1113, 234, 3, 123, 275, NULL),
(1114, 234, 3, 124, NULL, '2020-06-26'),
(1115, 235, 1, 107, NULL, '03/03/1936'),
(1116, 235, 1, 111, 284, NULL),
(1117, 235, 1, 144, NULL, '84'),
(1118, 235, 1, 166, 45, NULL),
(1119, 235, 1, 167, NULL, '2020-06-16'),
(1121, 236, 2, 35, 298, NULL),
(1122, 236, 2, 101, 305, NULL),
(1123, 236, 2, 150, 300, NULL),
(1124, 236, 2, 168, NULL, '2020-06-16'),
(1125, 237, 3, 35, 298, NULL),
(1126, 237, 3, 101, 305, NULL),
(1127, 237, 3, 123, 276, NULL),
(1128, 237, 3, 124, NULL, '2020-06-23'),
(6, 82, 1, 242, NULL, 'HUGG - ENFERMARIA – COVID'),
(22, 220, 1, 242, NULL, 'HUGG - UNIDADE DE TERAPIA INTENSIVA – COVID A'),
(37, 145, 1, 242, NULL, 'HUGG - ENFERMARIA – COVID'),
(51, 193, 1, 242, NULL, 'HUGG - ENFERMARIA – COVID'),
(65, 148, 1, 242, NULL, 'HUGG - ENFERMARIA – COVID'),
(81, 10, 1, 242, NULL, 'HUGG - UNIDADE DE TERAPIA INTENSIVA – COVID A'),
(98, 64, 1, 242, NULL, 'HUGG - ENFERMARIA – COVID'),
(114, 55, 1, 242, NULL, 'HUGG - ENFERMARIA – COVID'),
(130, 97, 1, 242, NULL, 'HUGG - ENFERMARIA – COVID'),
(146, 94, 1, 242, NULL, 'HUGG - ENFERMARIA – COVID'),
(171, 40, 1, 242, NULL, 'HUGG - ENFERMARIA – COVID'),
(187, 202, 1, 242, NULL, 'HUGG - ENFERMARIA – COVID'),
(201, 67, 1, 242, NULL, 'HUGG - ENFERMARIA – COVID'),
(217, 103, 1, 242, NULL, 'HUGG - ENFERMARIA – COVID'),
(227, 184, 1, 242, NULL, 'HUGG - ENFERMARIA – COVID'),
(237, 25, 1, 242, NULL, 'HUGG - ENFERMARIA – COVID'),
(253, 19, 1, 242, NULL, 'HUGG - ENFERMARIA – COVID'),
(271, 196, 1, 242, NULL, 'HUGG - ENFERMARIA – COVID'),
(285, 151, 1, 242, NULL, 'HUGG - ENFERMARIA – COVID'),
(299, 214, 1, 242, NULL, 'HUGG - ENFERMARIA – COVID'),
(313, 169, 1, 242, NULL, 'HUGG - ENFERMARIA – COVID'),
(327, 118, 1, 242, NULL, 'HUGG - ENFERMARIA – COVID'),
(343, 109, 1, 242, NULL, 'HUGG - UNIDADE DE TERAPIA INTENSIVA – COVID A'),
(360, 142, 1, 242, NULL, 'HUGG - ENFERMARIA – COVID'),
(374, 22, 1, 242, NULL, 'HUGG - ENFERMARIA – COVID'),
(390, 217, 1, 242, NULL, 'HUGG - ENFERMARIA – COVID'),
(404, 154, 1, 242, NULL, 'HUGG - ENFERMARIA – COVID'),
(426, 112, 1, 242, NULL, 'HUGG - ENFERMARIA – COVID'),
(440, 115, 1, 242, NULL, 'HUGG - ENFERMARIA – COVID'),
(454, 79, 1, 242, NULL, 'HUGG - ENFERMARIA – COVID'),
(470, 7, 1, 242, NULL, 'HUGG - UNIDADE DE TERAPIA INTENSIVA – COVID A'),
(487, 223, 1, 242, NULL, 'HUGG - UNIDADE DE TERAPIA INTENSIVA – COVID A'),
(504, 13, 1, 242, NULL, 'HUGG - ENFERMARIA – COVID'),
(520, 16, 1, 242, NULL, 'HUGG - ENFERMARIA – COVID'),
(530, 28, 1, 242, NULL, 'HUGG - ENFERMARIA – COVID'),
(540, 31, 1, 242, NULL, 'HUGG - UNIDADE DE TERAPIA INTENSIVA – COVID A'),
(557, 34, 1, 242, NULL, 'HUGG - ENFERMARIA – COVID'),
(573, 37, 1, 242, NULL, 'HUGG - UNIDADE DE TERAPIA INTENSIVA – COVID A'),
(590, 43, 1, 242, NULL, 'HUGG - ENFERMARIA – COVID'),
(604, 46, 1, 242, NULL, 'HUGG - ENFERMARIA – COVID'),
(620, 49, 1, 242, NULL, 'HUGG - ENFERMARIA – COVID'),
(634, 52, 1, 242, NULL, 'HUGG - ENFERMARIA – COVID'),
(650, 58, 1, 242, NULL, 'HUGG - ENFERMARIA – COVID'),
(666, 61, 1, 242, NULL, 'HUGG - ENFERMARIA – COVID'),
(680, 70, 1, 242, NULL, 'HUGG - ENFERMARIA – COVID'),
(696, 73, 1, 242, NULL, 'HUGG - ENFERMARIA – COVID'),
(712, 76, 1, 242, NULL, 'HUGG - UNIDADE DE TERAPIA INTENSIVA – COVID A'),
(729, 85, 1, 242, NULL, 'HUGG - UNIDADE DE TERAPIA INTENSIVA – COVID A'),
(744, 88, 1, 242, NULL, 'HUGG - UNIDADE DE TERAPIA INTENSIVA – COVID A'),
(761, 91, 1, 242, NULL, 'HUGG - ENFERMARIA – COVID'),
(775, 100, 1, 242, NULL, 'HUGG - UNIDADE DE TERAPIA INTENSIVA – COVID A'),
(792, 106, 1, 242, NULL, 'HUGG - ENFERMARIA – COVID'),
(802, 124, 1, 242, NULL, 'HUGG - ENFERMARIA – COVID'),
(816, 121, 1, 242, NULL, 'HUGG - ENFERMARIA – COVID'),
(830, 127, 1, 242, NULL, 'HUGG - ENFERMARIA – COVID'),
(846, 130, 1, 242, NULL, 'HUGG - ENFERMARIA – COVID'),
(860, 133, 1, 242, NULL, 'HUGG - UNIDADE DE TERAPIA INTENSIVA – COVID A'),
(875, 136, 1, 242, NULL, 'HUGG - UNIDADE DE TERAPIA INTENSIVA – COVID A'),
(890, 139, 1, 242, NULL, 'HUGG - ENFERMARIA – COVID'),
(904, 160, 1, 242, NULL, 'HUGG - UNIDADE DE TERAPIA INTENSIVA – COVID A'),
(915, 157, 1, 242, NULL, 'HUGG - ENFERMARIA – COVID'),
(929, 166, 1, 242, NULL, 'HUGG - ENFERMARIA – COVID'),
(939, 163, 1, 242, NULL, 'HUGG - ENFERMARIA – COVID'),
(949, 172, 1, 242, NULL, 'HUGG - ENFERMARIA – COVID'),
(963, 175, 1, 242, NULL, 'HUGG - ENFERMARIA – COVID'),
(973, 187, 1, 242, NULL, 'HUGG - UNIDADE DE TERAPIA INTENSIVA – COVID A'),
(984, 178, 1, 242, NULL, 'HUGG - ENFERMARIA – COVID'),
(998, 181, 1, 242, NULL, 'HUGG - ENFERMARIA – COVID'),
(1014, 190, 1, 242, NULL, 'HUGG - ENFERMARIA – COVID'),
(1028, 199, 1, 242, NULL, 'HUGG - ENFERMARIA – COVID'),
(1042, 205, 1, 242, NULL, 'HUGG - UNIDADE DE TERAPIA INTENSIVA – COVID A'),
(1057, 208, 1, 242, NULL, 'HUGG - ENFERMARIA – COVID'),
(1071, 211, 1, 242, NULL, 'HUGG - ENFERMARIA – COVID'),
(1081, 226, 1, 242, NULL, 'HUGG - ENFERMARIA – COVID'),
(1095, 229, 1, 242, NULL, 'HUGG - ENFERMARIA – COVID'),
(1109, 232, 1, 242, NULL, 'HUGG - UNIDADE DE TERAPIA INTENSIVA – COVID A'),
(1120, 235, 1, 242, NULL, 'HUGG - ENFERMARIA – COVID');